{
  "iterations": [
    3,
    4,
    5,
    6,
    7
  ],
  "train_losses": [
    2.213347638094867,
    2.0859475091651634,
    1.9490982123783656,
    1.9569594814227178,
    1.953576216330895
  ],
  "policy_losses": [
    2.211196285706979,
    2.084594735392818,
    1.9475798266274589,
    1.9547677085949824,
    1.949837863445282
  ],
  "value_losses": [
    0.0021513658963764706,
    0.001352754031325242,
    0.001518387532477001,
    0.002191773060565958,
    0.0037383625391297615
  ],
  "eval_scores": [
    99.8,
    94.2,
    109.0,
    84.8,
    99.8
  ]
}